regime,ucva_dv01,udva_dv01,bcva_dv01,own_dv01
Risk-On,-297.7177510195397,197.42401454835635,-293.94065930513534,202.54825087311474
Normalization,-50.37368932384015,160.8517921846942,-53.69543512936434,156.87598854870157
Event-Driven Stress,-238.15289407492673,183.0243819714815,-236.07326096914767,186.1752955073389
Macro Tightening,-54.51593579069231,210.86440683470573,-62.2707324376679,201.70858801534632
